metric,mean,std,min,max
RMSE,2695981.0468241675,592091.798123856,1906870.708133474,4048158.824125478
MAE,1004752.318932816,119325.02547902528,840647.1945104889,1208012.1561220323
R2,0.9393745579809266,0.01884441702939274,0.8903125703608283,0.9618060486494122
Accuracy@10%,30.822580645161292,1.8688610418054408,26.370967741935488,33.5483870967742
Accuracy@20%,55.90322580645161,2.445746984314381,51.20967741935484,58.387096774193544
Mean Percentage Error,3.0950482345328036,2.3851661850060597,-1.3138783426453353,6.996106967446686
MAPE,22.307233180759926,0.8283315183037082,21.468357463107218,24.301555322403694
boosted_meta_weight,0.9559748852689073,0.05412605042203961,0.8508451355715864,0.9994769751162962
neural_meta_weight,0.0440251147310927,0.0541260504220396,0.0005230248837037808,0.1491548644284136
